Day,TeamsSearch,SkypeSearch,MeetSearch,ZoomSearch,CovidSearch,CovidNewCases,PriceGOOGL,PriceMSFT,PriceZM
2019-10-01,16,100,3.540650406504065,108.15447154471543,0,0,1206,137.070007,75.809998
2019-10-02,17,83,3.540650406504065,112.23577235772358,0,0,1177.920044,134.649994,73.849998
2019-10-03,15,81,2.5203252032520327,118.35772357723576,0,0,1189.430054,136.279999,76.830002
2019-10-04,14,73,3.540650406504065,112.23577235772358,0,0,1210.959961,138.119995,76.529999
2019-10-05,5,40,2.0203252032520327,95.91056910569105,0,0,NA,NA,NA
2019-10-06,4,48,1.5203252032520325,93.86991869918698,0,0,NA,NA,NA
2019-10-07,16,73,3.0203252032520327,114.27642276422763,0,0,1208.25,137.119995,76.989998
2019-10-08,17,87,4.040650406504065,118.35772357723576,0,0,1190.130005,135.669998,73.589996
2019-10-09,17,83,4.040650406504065,122.4390243902439,0,0,1202.400024,138.240005,72.860001
2019-10-10,18,92,4.040650406504065,116.3170731707317,0,0,1209.469971,139.100006,71.010002
2019-10-11,14,79,3.540650406504065,112.23577235772358,0,0,1215.709961,139.679993,71.349998
2019-10-12,4,54,1.0101626016260163,97.95121951219511,0,0,NA,NA,NA
2019-10-13,3,55,1.5203252032520325,93.86991869918698,0,0,NA,NA,NA
2019-10-14,18,75,3.0203252032520327,112.23577235772358,0,0,1217.77002,139.550003,70.800003
2019-10-15,17,86,3.540650406504065,118.35772357723576,0,0,1242.23999,141.570007,71.110001
2019-10-16,18,80,3.540650406504065,122.4390243902439,0,0,1243,140.410004,67.690002
2019-10-17,19,83,3.540650406504065,120.39837398373983,0,0,1252.800049,139.690002,67.029999
2019-10-18,14,73,2.5203252032520327,118.35772357723576,0,0,1244.410034,137.410004,66.080002
2019-10-19,3,46,1.0101626016260163,97.95121951219511,0,0,NA,NA,NA
2019-10-20,5,51,2.0203252032520327,95.91056910569105,0,0,NA,NA,NA
2019-10-21,15,79,3.0203252032520327,122.4390243902439,0,0,1244.280029,138.429993,65.769997
2019-10-22,15,76,2.5203252032520327,128.5609756097561,0,0,1241.199951,136.369995,62
2019-10-23,20,76,2.5203252032520327,116.3170731707317,0,0,1257.630005,137.240005,62.060001
2019-10-24,12,78,3.540650406504065,114.27642276422763,0,0,1259.109985,139.940002,64.519997
2019-10-25,14,70,3.540650406504065,114.27642276422763,0,0,1264.300049,140.729996,63.450001
2019-10-26,4,50,1.5203252032520325,91.82926829268293,0,0,NA,NA,NA
2019-10-27,5,47,1.5203252032520325,95.91056910569105,0,0,NA,NA,NA
2019-10-28,14,78,2.5203252032520327,118.35772357723576,0,0,1288.97998,144.190002,66.559998
2019-10-29,16,76,4.040650406504065,116.3170731707317,0,0,1260.660034,142.830002,65.489998
2019-10-30,18,77,3.540650406504065,116.3170731707317,0,0,1260.699951,144.610001,70
2019-10-31,17,76,2.0203252032520327,112.23577235772358,0,0,1258.800049,143.369995,69.889999
2019-11-01,13,64,2.0203252032520327,106.11382113821138,0,0,1272.25,143.720001,70.389999
2019-11-02,4,45,1.5203252032520325,99.99186991869918,0,0,NA,NA,NA
2019-11-03,3,48,1.5203252032520325,102.03252032520325,0,0,NA,NA,NA
2019-11-04,16,83,4.040650406504065,110.1951219512195,0,0,1289.609985,144.550003,70.120003
2019-11-05,17,79,2.0203252032520327,118.35772357723576,0,0,1291.439941,144.460007,66.889999
2019-11-06,19,89,2.5203252032520327,122.4390243902439,0,0,1291.01001,144.059998,66.830002
2019-11-07,18,84,2.5203252032520327,112.23577235772358,0,0,1306.939941,144.259995,66.809998
2019-11-08,14,76,3.540650406504065,110.1951219512195,0,0,1309,145.960007,69.849998
2019-11-09,5,45,2.0203252032520327,93.86991869918698,0,0,NA,NA,NA
2019-11-10,3,47,1.5203252032520325,95.91056910569105,0,0,NA,NA,NA
2019-11-11,15,75,3.540650406504065,124.47967479674796,0,0,1298.280029,146.110001,68.389999
2019-11-12,18,82,2.5203252032520327,120.39837398373983,0,0,1297.209961,147.070007,68
2019-11-13,17,79,3.540650406504065,128.5609756097561,0,0,1296.180054,147.309998,68.010002
2019-11-14,16,81,4.040650406504065,124.47967479674796,0,0,1309.150024,148.059998,67.739998
2019-11-15,15,78,2.5203252032520327,140.80487804878047,0,0,1333.540039,149.970001,70.010002
2019-11-16,4,51,1.5203252032520325,130.60162601626016,0,0,NA,NA,NA
2019-11-17,5,52,2.0203252032520327,118.35772357723576,0,0,NA,NA,NA
2019-11-18,16,91,3.540650406504065,130.60162601626016,0,0,1319.839966,150.339996,70.080002
2019-11-19,14,83,4.040650406504065,128.5609756097561,0,0,1312.589966,150.389999,69.639999
2019-11-20,23,90,4.040650406504065,130.60162601626016,0,0,1301.859985,149.619995,70.989998
2019-11-21,18,86,4.540650406504065,118.35772357723576,0,0,1300.140015,149.479996,69.919998
2019-11-22,16,76,3.540650406504065,116.3170731707317,0,0,1293.670044,149.589996,73.160004
2019-11-23,4,49,2.0203252032520327,95.91056910569105,0,0,NA,NA,NA
2019-11-24,3,49,2.0203252032520327,104.07317073170731,0,0,NA,NA,NA
2019-11-25,16,75,3.540650406504065,122.4390243902439,0,0,1305.640015,151.229996,74.550003
2019-11-26,18,76,4.040650406504065,124.47967479674796,0,0,1313,152.029999,75.160004
2019-11-27,17,84,2.5203252032520327,132.6422764227642,0,0,1312.130005,152.320007,74.080002
2019-11-28,12,66,1.5203252032520325,146.92682926829266,0,0,NA,NA,NA
2019-11-29,10,62,2.0203252032520327,204.0650406504065,0,0,1304.089966,151.380005,74.5
2019-11-30,3,48,1.0101626016260163,126.52032520325203,0,0,NA,NA,NA
2019-12-01,4,46,1.0101626016260163,112.23577235772358,0,0,NA,NA,NA
2019-12-02,17,66,4.040650406504065,126.52032520325203,0,0,1288.859985,149.550003,68.93
2019-12-03,18,76,4.040650406504065,124.47967479674796,0,0,1294.73999,149.309998,70.019997
2019-12-04,17,77,2.5203252032520327,122.4390243902439,0,0,1318.939941,149.850006,69.959999
2019-12-05,18,71,4.040650406504065,122.4390243902439,0,0,1326.959961,149.929993,69.669998
2019-12-06,13,67,2.5203252032520327,114.27642276422763,0,0,1339.390015,151.75,62.740002
2019-12-07,3,51,1.5203252032520325,116.3170731707317,0,0,NA,NA,NA
2019-12-08,4,47,1.0101626016260163,102.03252032520325,0,0,NA,NA,NA
2019-12-09,13,68,2.5203252032520327,128.5609756097561,0,0,1342.98999,151.360001,65.940002
2019-12-10,16,77,4.040650406504065,114.27642276422763,0,0,1342.890015,151.130005,64.57
2019-12-11,18,74,4.040650406504065,108.15447154471543,0,0,1344.25,151.699997,63.52
2019-12-12,16,82,4.040650406504065,114.27642276422763,0,0,1348.48999,153.240005,62.490002
2019-12-13,12,66,2.5203252032520327,124.47967479674796,0,0,1346.869995,154.529999,63.540001
2019-12-14,4,45,1.5203252032520325,99.99186991869918,0,0,NA,NA,NA
2019-12-15,3,45,2.0203252032520327,102.03252032520325,0,0,NA,NA,NA
2019-12-16,14,79,2.5203252032520327,120.39837398373983,0,0,1360.699951,155.529999,66.349998
2019-12-17,16,79,3.540650406504065,116.3170731707317,0,0,1354.890015,154.690002,66.169998
2019-12-18,15,73,4.040650406504065,110.1951219512195,0,0,1351.910034,154.369995,67.599998
2019-12-19,16,69,3.540650406504065,110.1951219512195,0,0,1356.439941,155.710007,68.18
2019-12-20,13,64,2.5203252032520327,110.1951219512195,0,0,1351.219971,157.410004,66.93
2019-12-21,2,42,1.5203252032520325,89.78861788617886,0,0,NA,NA,NA
2019-12-22,3,40,1.0101626016260163,87.7479674796748,0,0,NA,NA,NA
2019-12-23,7,58,2.0203252032520327,110.1951219512195,0,0,1350.630005,157.410004,66.150002
2019-12-24,5,58,1.5101626016260163,93.86991869918698,0,0,1344.430054,157.380005,66.459999
2019-12-25,2,50,1.5203252032520325,104.07317073170731,0,0,NA,NA,NA
2019-12-26,6,55,1.5203252032520325,104.07317073170731,0,0,1362.469971,158.669998,67.449997
2019-12-27,6,56,2.0203252032520327,108.15447154471543,0,0,1354.640015,158.960007,66.639999
2019-12-28,3,44,1.5203252032520325,97.95121951219511,0,0,NA,NA,NA
2019-12-29,2,41,1.5203252032520325,91.82926829268293,0,0,NA,NA,NA
2019-12-30,5,55,2.0203252032520327,104.07317073170731,0,0,1339.709961,157.589996,66.790001
2019-12-31,5,46,1.0101626016260163,87.7479674796748,0,0,1339.390015,157.699997,68.040001
2020-01-01,2.7115967878406217,39.69277430272497,3.0236213977796833,49.96396331117585,0,0,NA,NA,NA
2020-01-02,8.923193575681243,56.53916145408746,3.5287026985926917,62.96511674059583,0,4.454545454545455,1368.680054,160.619995,68.720001
2020-01-03,9.423193575681243,55.03916145408746,3.5287026985926917,65.0057671470999,0,8.90909090909091,1361.52002,158.619995,67.279999
2020-01-04,3.7115967878406217,40.9043710905656,3.0236213977796833,56.843165521083634,0,13.363636363636363,NA,NA,NA
2020-01-05,4.211596787840621,43.4043710905656,3.5287026985926917,55.822840317831606,0,17.81818181818182,NA,NA,NA
2020-01-06,13.634790363521866,65.9623550297687,4.841764497178864,66.02609235035193,0,22.272727272727273,1397.810059,159.029999,70.32
2020-01-07,17.846387151362485,69.17395181760932,4.581601895552847,68.82399374725159,0,26.727272727272727,1395.109985,157.580002,71.900002
2020-01-08,15.134790363521866,71.17395181760932,4.841764497178864,68.06674275685599,0,31.18181818181818,1405.040039,160.089996,72.550003
2020-01-09,17.346387151362485,68.67395181760932,4.841764497178864,66.02609235035193,0,35.63636363636364,1419.790039,162.089996,72.620003
2020-01-10,13.634790363521866,65.4623550297687,4.331601895552847,68.82399374725159,0,40.09090909090909,1428.959961,161.339996,73.089996
2020-01-11,3.7115967878406217,44.4043710905656,3.2787026985926917,58.883815927587705,0,44.54545454545455,NA,NA,NA
2020-01-12,4.211596787840621,41.9043710905656,4.081601895552847,61.944791537343804,0,49,NA,NA,NA
2020-01-13,14.134790363521866,72.17395181760932,4.581601895552847,69.8443189505036,0,53.45454545454545,1440.030029,163.279999,74.029999
2020-01-14,14.134790363521866,70.67395181760932,5.091764497178864,72.9052945602597,0,57.909090909090914,1430.589966,162.130005,73.160004
2020-01-15,18.846387151362485,73.38554860544994,4.331601895552847,70.86464415375565,0,62.36363636363636,1439.199951,163.179993,76.940002
2020-01-16,18.346387151362485,71.67395181760932,5.091764497178864,72.9052945602597,0,66.81818181818181,1450.160034,166.169998,76.110001
2020-01-17,15.634790363521866,71.17395181760932,4.331601895552847,70.86464415375565,0,71.27272727272728,1479.52002,167.100006,75.559998
2020-01-18,4.211596787840621,38.69277430272497,3.2787026985926917,58.883815927587705,0,75.72727272727272,NA,NA,NA
2020-01-19,4.211596787840621,42.4043710905656,3.2787026985926917,54.80251511457958,0,80.18181818181819,NA,NA,NA
2020-01-20,15.134790363521866,69.17395181760932,4.331601895552847,70.86464415375565,0,84.63636363636364,NA,NA,NA
2020-01-21,18.846387151362485,69.67395181760932,5.091764497178864,74.94594496676379,0,89.0909090909091,1482.25,166.5,76.730003
2020-01-22,18.846387151362485,71.17395181760932,5.091764497178864,70.86464415375565,0,93.54545454545455,1483.869995,165.699997,75.540001
2020-01-23,19.346387151362485,66.4623550297687,4.841764497178864,67.04641755360396,0,98,1484.689941,166.720001,74.470001
2020-01-24,15.634790363521866,61.25075824192808,4.841764497178864,66.02609235035193,0,286,1466.170044,165.039993,73
2020-01-25,4.711596787840621,41.9043710905656,3.2736213977796833,57.86349072433566,0,492,NA,NA,NA
2020-01-26,4.211596787840621,42.4043710905656,3.2787026985926917,53.02493892093195,0,685,NA,NA,NA
2020-01-27,18.846387151362485,64.9623550297687,4.331601895552847,68.06674275685599,0,809,1431.72998,162.279999,70.440002
2020-01-28,19.846387151362485,74.88554860544994,4.331601895552847,69.8443189505036,0,2651,1450.5,165.460007,71.510002
2020-01-29,21.346387151362485,66.4623550297687,5.091764497178864,66.02609235035193,0,589,1456.699951,168.039993,73.580002
2020-01-30,19.346387151362485,71.67395181760932,5.091764497178864,68.06674275685599,0,2068,1454.25,172.779999,74.540001
2020-01-31,18.846387151362485,63.75075824192808,5.091764497178864,67.04641755360396,0,1692,1432.780029,170.229996,76.300003
2020-02-01,4.4231935756812435,39.808742181131194,5.037080193933351,17.775761936476222,0,2111,NA,NA,NA
2020-02-02,4.4231935756812435,39.808742181131194,5.037080193933351,17.775761936476222,0,4749,NA,NA,NA
2020-02-03,39.808742181131194,66.34790363521866,6.142878587853662,21.330914323771466,0,3100,1482.599976,174.380005,87.660004
2020-02-04,22.115967878406217,75.19429078658113,6.142878587853662,21.330914323771466,0,4011,1445.410034,180.119995,85.790001
2020-02-05,22.115967878406217,70.7710972108999,6.142878587853662,21.330914323771466,0,3745,1446.050049,179.899994,86.989998
2020-02-06,17.692774302724974,75.19429078658113,6.142878587853662,21.330914323771466,0,3160,1475.969971,183.630005,87.260002
2020-02-07,13.269580727043731,70.7710972108999,6.142878587853662,21.330914323771466,0,3593,1479.109985,183.889999,88.639999
2020-02-08,4.4231935756812435,39.808742181131194,5.037080193933351,17.775761936476222,0,2734,NA,NA,NA
2020-02-09,4.4231935756812435,39.808742181131194,5.037080193933351,17.775761936476222,0,3030,NA,NA,NA
2020-02-10,17.692774302724974,66.34790363521866,6.142878587853662,21.330914323771466,0,2609,1508.660034,188.699997,89.669998
2020-02-11,22.115967878406217,70.7710972108999,6.142878587853662,21.330914323771466,0,2042,1510.060059,184.440002,88.68
2020-02-12,17.692774302724974,70.7710972108999,6.142878587853662,21.330914323771466,1.7775761936476222,418,1518.630005,184.710007,88.279999
2020-02-13,22.115967878406217,70.7710972108999,6.142878587853662,21.330914323771466,1.7775761936476222,15153,1513.390015,183.710007,89.860001
2020-02-14,17.692774302724974,61.92471005953741,6.142878587853662,21.330914323771466,1.7775761936476222,6527,1518.72998,185.350006,90.949997
2020-02-15,4.4231935756812435,35.38554860544995,5.037080193933351,17.775761936476222,1.7775761936476222,2143,NA,NA,NA
2020-02-16,4.4231935756812435,44.23193575681243,5.037080193933351,17.775761936476222,1.7775761936476222,2183,NA,NA,NA
2020-02-17,17.692774302724974,66.34790363521866,6.142878587853662,21.330914323771466,1.7775761936476222,2035,NA,NA,NA
2020-02-18,22.115967878406217,70.7710972108999,6.142878587853662,24.88606671106671,1.7775761936476222,1882,1519.439941,187.229996,96.389999
2020-02-19,22.115967878406217,75.19429078658113,6.142878587853662,24.88606671106671,0,500,1524.869995,187.279999,103.93
2020-02-20,17.692774302724974,66.34790363521866,6.142878587853662,21.330914323771466,1.7775761936476222,560,1516.98999,184.419998,105.290001
2020-02-21,17.692774302724974,61.92471005953741,6.142878587853662,21.330914323771466,1.7775761936476222,629,1483.459961,178.589996,101.760002
2020-02-22,4.4231935756812435,39.808742181131194,5.037080193933351,17.775761936476222,1.7775761936476222,1761,NA,NA,NA
2020-02-23,4.4231935756812435,39.808742181131194,6.142878587853662,17.775761936476222,1.7775761936476222,380,NA,NA,NA
2020-02-24,17.692774302724974,70.7710972108999,6.142878587853662,21.330914323771466,1.7775761936476222,564,1419.859985,170.889999,105.010002
2020-02-25,17.692774302724974,70.7710972108999,6.142878587853662,24.88606671106671,1.7775761936476222,853,1386.319946,168.070007,107.080002
2020-02-26,17.692774302724974,70.7710972108999,6.142878587853662,21.330914323771466,1.7775761936476222,977,1390.469971,170.169998,106.879997
2020-02-27,22.115967878406217,70.7710972108999,6.142878587853662,24.88606671106671,1.7775761936476222,1360,1314.949951,158.179993,113.550003
2020-02-28,17.692774302724974,66.34790363521866,6.142878587853662,24.88606671106671,1.7775761936476222,1386,1339.25,162.009995,105
2020-02-29,4.4231935756812435,39.808742181131194,5.037080193933351,17.775761936476222,1.7775761936476222,1891,NA,NA,NA
2020-03-01,4.4231935756812435,44.23193575681243,6.142878587853662,17.775761936476222,1.7775761936476222,2381,NA,NA,NA
2020-03-02,22.115967878406217,75.19429078658113,8.354475375694284,24.88606671106671,1.7775761936476222,1983,1386.319946,172.789993,113.110001
2020-03-03,26.539161454087463,79.61748436226239,8.354475375694284,24.88606671106671,1.7775761936476222,2594,1337.719971,164.509995,117.470001
2020-03-04,26.539161454087463,84.04067793794363,8.354475375694284,28.441219098361955,1.7775761936476222,2308,1381.599976,170.550003,116.800003
2020-03-05,30.962355029768705,88.46387151362487,12.285757175707325,28.441219098361955,1.7775761936476222,2811,1314.76001,166.270004,125
2020-03-06,26.539161454087463,92.88706508930612,14.497353963547946,28.441219098361955,1.7775761936476222,3913,1295.73999,161.570007,114.32
2020-03-07,8.846387151362487,53.078322908174925,8.354475375694284,21.330914323771466,1.7775761936476222,4095,NA,NA,NA
2020-03-08,8.846387151362487,61.92471005953741,12.285757175707325,21.330914323771466,1.7775761936476222,3949,NA,NA,NA
2020-03-09,35.38554860544995,115.00303296771233,21.13214432706981,31.9963714856572,1.7775761936476222,4172,1215.790039,150.619995,113.75
2020-03-10,39.808742181131194,123.84942011907482,21.13214432706981,35.551523872952444,3.5551523872952444,4822,1275.170044,160.919998,108.489998
2020-03-11,48.65512933249368,132.6958072704373,31.206304714936515,42.66182864754293,3.5551523872952444,7661,1210.900024,153.630005,110.300003
2020-03-12,53.078322908174925,163.65816230020602,37.84109507845838,53.327285809428666,7.110304774590489,5790,1111.550049,139.059998,109.470001
2020-03-13,70.7710972108999,194.62051732997472,40.052691866299,56.88243819672391,7.110304774590489,14384,1214.27002,158.830002,107.470001
2020-03-14,30.962355029768705,159.23496872452478,18.92054753922919,42.66182864754293,7.110304774590489,11074,NA,NA,NA
2020-03-15,48.65512933249368,203.4669044813372,21.13214432706981,56.88243819672391,7.110304774590489,11269,NA,NA,NA
2020-03-16,159.23496872452478,380.39464750858696,83.54475375694284,113.76487639344782,7.110304774590489,14808,1073,135.419998,107.860001
2020-03-17,176.92774302724973,433.4729704167619,92.39114090830533,138.65094310451454,10.665457161885733,15943,1118.060059,146.570007,111.099998
2020-03-18,190.19732375429348,429.04977684108064,104.67689808401265,159.981857428286,10.665457161885733,19565,1091.189941,140.399994,118.709999
2020-03-19,199.04371090565596,429.04977684108064,109.10009165969389,177.7576193647622,10.665457161885733,27049,1111.670044,142.710007,123.769997
2020-03-20,176.92774302724973,411.35700253835563,104.67689808401265,174.20246697746697,10.665457161885733,30775,1068.209961,137.350006,130.550003
2020-03-21,79.61748436226239,345.009098903137,47.91525546632508,145.761247879105,10.665457161885733,31991,NA,NA,NA
2020-03-22,97.31025866498736,340.58590532745575,40.052691866299,163.53700981558126,10.665457161885733,34855,NA,NA,NA
2020-03-23,234.4292595111059,442.31935756812436,130.2322359867637,259.52612427255286,14.220609549180978,42835,1054.130005,135.979996,159.559998
2020-03-24,230.00606593542466,433.4729704167619,125.80904241108246,280.8570385963243,14.220609549180978,41179,1130.01001,148.339996,135.179993
2020-03-25,216.73648520838094,402.51061538699315,121.38584883540122,266.63642904714334,14.220609549180978,51001,1101.619995,146.919998,138.110001
2020-03-26,207.89009805701843,375.9714539329057,121.38584883540122,280.8570385963243,14.220609549180978,62877,1162.920044,156.110001,141.149994
2020-03-27,172.5045494515685,340.58590532745575,111.31168844753451,273.7467338217338,14.220609549180978,65041,1110.26001,149.699997,151.699997
2020-03-28,75.19429078658113,283.0843888435996,50.126852254165705,223.9746003996004,14.220609549180978,67280,NA,NA,NA
2020-03-29,84.04067793794363,256.54522738951215,50.126852254165705,216.8642956250099,10.665457161885733,59237,NA,NA,NA
2020-03-30,216.73648520838094,327.31632460041203,142.51799316247102,312.8534100819815,14.220609549180978,65294,1146.310059,160.229996,150.880005
2020-03-31,212.3132916326997,314.0467438733683,144.72958995031166,327.0740196311625,14.220609549180978,76845,1161.949951,157.710007,146.119995
2020-04-01,199.04371090565596,309.623550297687,144.72958995031166,344.84978156763873,14.220609549180978,82808,1102.099976,152.110001,137
2020-04-02,199.04371090565596,300.77716314632454,144.72958995031166,337.7394767930482,14.220609549180978,83060,1117.030029,155.259995,121.93
2020-04-03,159.23496872452478,291.93077599496206,140.3063963746304,355.5152387295244,14.220609549180978,83559,1092.699951,153.830002,128.199997
2020-04-04,66.34790363521866,234.4292595111059,54.550045829846944,255.9709718852576,10.665457161885733,58363,NA,NA,NA
2020-04-05,75.19429078658113,212.3132916326997,50.126852254165705,241.75036233607662,10.665457161885733,72592,NA,NA,NA
2020-04-06,190.19732375429348,269.81480811655587,142.51799316247102,330.6291720184577,10.665457161885733,73155,1183.189941,165.270004,122.940002
2020-04-07,168.08135587588725,269.81480811655587,152.5921535503377,309.29825769468624,10.665457161885733,69831,1182.560059,163.490005,113.75
2020-04-08,172.5045494515685,252.12203381383088,152.5921535503377,302.18795292009577,10.665457161885733,83378,1207,165.130005,117.809998
2020-04-09,145.96538799748103,238.85245308678714,123.59744562324184,287.9673433709148,10.665457161885733,87014,1206.569946,165.139999,124.510002
2020-04-10,92.88706508930612,216.73648520838094,81.33315696910222,245.30551472337186,10.665457161885733,85534,NA,NA,NA
2020-04-11,53.078322908174925,181.35093660293097,42.26428865413962,213.30914323771466,10.665457161885733,74283,NA,NA,NA
2020-04-12,57.501516483856165,194.62051732997472,52.338449042006324,220.41944801230517,10.665457161885733,119696,NA,NA,NA
2020-04-13,128.27261369475607,207.89009805701843,123.59744562324184,245.30551472337186,10.665457161885733,70742,1210.410034,165.509995,135.919998
2020-04-14,185.77413017861224,230.00606593542466,163.6501374895408,277.3018862090291,14.220609549180978,84011,1265.22998,173.699997,141.889999
2020-04-15,190.19732375429348,225.58287235974342,180.3590882409294,284.41219098361955,14.220609549180978,77114,1257.300049,171.880005,151.559998
2020-04-16,181.35093660293097,225.58287235974342,171.51270108956692,291.52249575821,14.220609549180978,95531,1257.430054,177.039993,150.259995
2020-04-17,159.23496872452478,216.73648520838094,161.4385407017002,273.7467338217338,14.220609549180978,87997,1279,178.600006,150.059998
2020-04-18,70.7710972108999,172.5045494515685,66.83580300555427,216.8642956250099,10.665457161885733,77240,NA,NA,NA
2020-04-19,88.46387151362487,154.8117751488435,61.18483619336881,195.53338130123845,10.665457161885733,76605,NA,NA,NA
2020-04-20,203.4669044813372,221.15967878406218,199.2796357801586,280.8570385963243,14.220609549180978,76018,1261.150024,175.059998,148.990005
2020-04-21,194.62051732997472,207.89009805701843,197.06803899231798,277.3018862090291,14.220609549180978,75749,1212.160034,167.820007,143.270004
2020-04-22,203.4669044813372,216.73648520838094,197.06803899231798,287.9673433709148,14.220609549180978,81247,1258.410034,173.520004,150.25
2020-04-23,185.77413017861224,207.89009805701843,190.43324862879612,266.63642904714334,14.220609549180978,84249,1271.170044,171.419998,169.089996
2020-04-24,168.08135587588725,194.62051732997472,163.6501374895408,248.86066711066712,17.775761936476222,84096,1276.599976,174.550003,158.800003
2020-04-25,70.7710972108999,145.96538799748103,56.76164261768757,191.9782289139432,14.220609549180978,82259,NA,NA,NA
2020-04-26,66.34790363521866,137.11900084611855,56.76164261768757,174.20246697746697,10.665457161885733,71588,NA,NA,NA
2020-04-27,185.77413017861224,185.77413017861224,178.14749145308878,241.75036233607662,14.220609549180978,70192,1270.859985,174.050003,164.600006
2020-04-28,185.77413017861224,185.77413017861224,178.14749145308878,248.86066711066712,14.220609549180978,75540,1232.589966,169.809998,156.720001
2020-04-29,172.5045494515685,185.77413017861224,197.06803899231798,252.41581949796236,17.775761936476222,77110,1342.180054,177.429993,146.479996
2020-04-30,159.23496872452478,159.23496872452478,201.49123256799922,241.75036233607662,14.220609549180978,83495,1346.699951,179.210007,135.169998
2020-05-01,101.7334522406686,137.11900084611855,123.59744562324184,213.30914323771466,14.220609549180978,88376,1317.319946,174.570007,138.559998
2020-05-02,53.078322908174925,123.84942011907482,66.83580300555427,174.20246697746697,14.220609549180978,79200,NA,NA,NA
2020-05-03,61.92471005953741,110.57983939203109,69.04739979339489,163.53700981558126,14.220609549180978,76373,NA,NA,NA
2020-05-04,159.23496872452478,159.23496872452478,171.51270108956692,213.30914323771466,17.775761936476222,77689,1322.900024,178.839996,143.440002
2020-05-05,159.23496872452478,159.23496872452478,163.6501374895408,213.30914323771466,14.220609549180978,80502,1349.02002,180.759995,144.820007
2020-05-06,159.23496872452478,159.23496872452478,190.43324862879612,220.41944801230517,14.220609549180978,90028,1345.430054,182.539993,149.589996
2020-05-07,150.38858157316227,150.38858157316227,188.2216518409555,231.08490517419088,14.220609549180978,88706,1369.280029,183.600006,157.800003
2020-05-08,123.84942011907482,132.6958072704373,161.4385407017002,220.41944801230517,14.220609549180978,90279,1384.339966,184.679993,155.399994
2020-05-09,57.501516483856165,101.7334522406686,71.25899658123551,159.981857428286,14.220609549180978,85223,NA,NA,NA
2020-05-10,57.501516483856165,101.7334522406686,56.76164261768757,145.761247879105,14.220609549180978,74976,NA,NA,NA
2020-05-11,159.23496872452478,145.96538799748103,178.14749145308878,209.75399085041943,17.775761936476222,76631,1403.589966,186.740005,166.479996
2020-05-12,154.8117751488435,154.8117751488435,182.57068502877001,220.41944801230517,17.775761936476222,84491,1375.180054,182.509995,161.039993
2020-05-13,154.8117751488435,145.96538799748103,192.64484541663674,220.41944801230517,17.775761936476222,84980,1348.329956,179.75,167.139999
2020-05-14,145.96538799748103,137.11900084611855,178.14749145308878,206.19883846312416,17.775761936476222,96231,1356.859985,180.529999,167.910004
2020-05-15,128.27261369475607,128.27261369475607,154.80375033817833,195.53338130123845,17.775761936476222,95732,1373.060059,183.160004,174.830002
2020-05-16,53.078322908174925,84.04067793794363,73.47059336907614,149.31640026640025,14.220609549180978,94439,NA,NA,NA
2020-05-17,57.501516483856165,84.04067793794363,73.47059336907614,149.31640026640025,14.220609549180978,78022,NA,NA,NA
2020-05-18,141.5421944217998,119.42622654339357,159.22694391385957,184.8679241393527,17.775761936476222,89167,1385.180054,184.910004,164.690002
2020-05-19,141.5421944217998,132.6958072704373,165.86173427738146,188.42307652664795,17.775761936476222,96775,1374.400024,183.630005,173.679993
2020-05-20,137.11900084611855,132.6958072704373,163.6501374895408,181.31277175205747,17.775761936476222,101878,1409.160034,185.660004,175.479996
2020-05-21,128.27261369475607,115.00303296771233,159.22694391385957,184.8679241393527,17.775761936476222,106644,1406.75,183.429993,172.029999
2020-05-22,101.7334522406686,110.57983939203109,140.3063963746304,174.20246697746697,14.220609549180978,106422,1413.23999,183.509995,171.059998
2020-05-23,39.808742181131194,75.19429078658113,61.18483619336881,127.9854859426288,14.220609549180978,104804,NA,NA,NA
2020-05-24,35.38554860544995,70.7710972108999,52.338449042006324,113.76487639344782,10.665457161885733,94211,NA,NA,NA
2020-05-25,92.88706508930612,97.31025866498736,109.10009165969389,131.54063832992404,14.220609549180978,86717,NA,NA,NA
2020-05-26,123.84942011907482,119.42622654339357,159.22694391385957,156.42670504099075,17.775761936476222,93967,1421.369995,181.570007,164
2020-05-27,128.27261369475607,115.00303296771233,157.01534712601895,170.64731459017173,17.775761936476222,102762,1420.280029,181.809998,161.970001
2020-05-28,128.27261369475607,119.42622654339357,159.22694391385957,167.0921622028765,14.220609549180978,119283,1418.23999,181.399994,163.550003
2020-05-29,110.57983939203109,97.31025866498736,142.51799316247102,159.981857428286,14.220609549180978,120903,1433.52002,183.25,179.479996
2020-05-30,48.65512933249368,70.7710972108999,69.04739979339489,113.76487639344782,10.665457161885733,136515,NA,NA,NA
2020-05-31,48.65512933249368,66.34790363521866,56.76164261768757,113.76487639344782,10.665457161885733,106408,NA,NA,NA
2020-06-01,99.1493620341663,76.28718025679215,123.22621529081212,222.48212889122289,19.902452409447967,95995,1434.869995,182.830002,204.149994
2020-06-02,105.7042447321432,88.25119342605313,120.52165005517008,227.96447787759035,19.902452409447967,121964,1442.310059,184.910004,208.080002
2020-06-03,106.77008929329102,88.25119342605313,122.12041689689181,222.48212889122289,18.07500274732547,114249,1439.25,185.360001,223.869995
2020-06-04,99.1493620341663,83.90790751591686,121.05457233574398,215.27207717968264,19.902452409447967,130944,1414.300049,182.919998,210.350006
2020-06-05,86.11950430375748,77.35302481793997,112.47094801694422,204.35725267542253,18.07500274732547,131223,1440.02002,187.199997,207.600006
2020-06-06,37.03779173447576,51.213401691577374,57.89469993541919,144.6997689155535,16.297426553677845,133737,NA,NA,NA
2020-06-07,37.03779173447576,53.424998479417994,47.67235494212518,132.10711515459553,18.07500274732547,112363,NA,NA,NA
2020-06-08,94.80607612403003,80.63046616692841,120.4816962223976,189.93714925234207,23.507478265218083,102497,1448.040039,188.360001,209.830002
2020-06-09,100.21520659531413,80.63046616692841,118.88292938067586,193.54217510811216,21.729902071570464,125060,1452.079956,189.800003,205.429993
2020-06-10,95.87192068517786,80.63046616692841,116.63032208792953,200.8021002881273,23.507478265218083,135105,1464.699951,196.839996,221.020004
2020-06-11,93.7402315628822,76.28718025679215,106.71280710423716,193.54217510811216,23.507478265218083,138020,1401.900024,186.270004,222.070007
2020-06-12,77.35302481793997,69.73229755881525,92.06726853526192,182.72709754080182,23.507478265218083,128765,1412.920044,187.740005,219.520004
2020-06-13,34.90610261218011,49.08171256928172,51.791775180338014,133.83481787976825,19.902452409447967,135289,NA,NA,NA
2020-06-14,37.03779173447576,51.213401691577374,45.500711987057045,121.19229065033541,18.07500274732547,132284,NA,NA,NA
2020-06-15,94.80607612403003,70.79814211996307,109.19350666795577,171.8122730365417,23.507478265218083,119658,1420.73999,188.940002,239.020004
2020-06-16,91.52863477504158,82.84206295476903,107.55478599346156,188.15957305869443,25.33492792734058,142084,1446.469971,193.570007,242.559998
2020-06-17,95.87192068517786,77.35302481793997,109.76638278130218,188.10969959021955,27.112504120988202,143746,1452.540039,194.240005,236.759995
2020-06-18,89.39694565274593,79.56462160578059,104.54116414916902,189.93714925234207,28.9399537831107,141063,1434.119995,196.320007,241.570007
2020-06-19,74.07558346895152,71.94389434665587,93.70598920975615,177.2946220229092,25.33492792734058,179915,1424.640015,195.149994,243.479996
2020-06-20,28.35121991420322,51.213401691577374,57.36177765484528,128.45221583035053,23.507478265218083,157448,NA,NA,NA
2020-06-21,31.628661263191667,45.80427122029327,45.500711987057045,106.72231375878007,19.902452409447967,127702,NA,NA,NA
2020-06-22,88.3311010915981,76.28718025679215,103.43536575524871,170.0346968428941,32.54497963888082,139361,1450.660034,200.570007,251.270004
2020-06-23,90.46279021389375,77.35302481793997,95.91758599759677,173.6895961671391,30.71752997675832,166809,1463.97998,201.910004,252.809998
2020-06-24,86.03959663821252,73.0097389078037,97.86536328074146,171.8122730365417,32.54497963888082,172594,1432.699951,197.839996,255.899994
2020-06-25,89.31703798720096,71.8639866811109,96.75956488682115,175.46717236078672,34.372429301003315,178381,1441.099976,200.339996,259.51001
2020-06-26,70.79814211996307,62.111570299690534,89.93557941296628,157.39216961346125,36.15000549465094,191597,1362.540039,196.330002,256.799988
2020-06-27,29.417064475351047,44.65851899360048,49.311075616619405,115.7598151324428,28.9399537831107,178132,NA,NA,NA
2020-06-28,28.35121991420322,45.72436355474831,43.86199131256283,106.72231375878007,28.9399537831107,163871,NA,NA,NA
2020-06-29,79.56462160578059,69.73229755881525,87.98780212982157,153.73727028921624,39.804904818895935,155347,1397.170044,198.440002,248.559998
2020-06-30,79.56462160578059,70.87804978550805,92.68009848138081,164.60222132500147,39.804904818895935,174542,1418.050049,203.509995,253.539993
2020-07-01,59.68729542427818,53.292228057391235,78.39179442536337,201.01946283347465,47.51369121518491,217607,1442,204.699997,259.130005
2020-07-02,57.55560630198253,53.292228057391235,76.26010530306773,201.01946283347465,47.51369121518491,209945,1469.930054,206.259995,261.73999
2020-07-03,49.02884981279993,51.16053893509559,69.16701705333485,171.7802682395147,43.85879189093992,201385,NA,NA,NA
2020-07-04,21.316891222956492,38.37040420132169,46.82190774298846,135.23127499706476,36.54899324244993,193809,NA,NA,NA
2020-07-05,25.580269467547794,31.97533683443474,42.558529498397164,127.92147634857477,32.89409391820494,184003,NA,NA,NA
2020-07-06,61.81898454657383,57.55560630198253,79.4576389865112,186.39986553649467,54.8234898636749,163975,1499.650024,210.699997,261
2020-07-07,61.81898454657383,53.292228057391235,78.39179442536337,197.36456350922964,51.16859053942991,211362,1489.920044,208.25,262.100006
2020-07-08,61.81898454657383,57.55560630198253,77.32594986421554,204.67436215771963,51.16859053942991,214159,1503.599976,212.830002,266.320007
2020-07-09,57.55560630198253,57.55560630198253,75.1942607419199,201.01946283347465,51.16859053942991,226827,1518.660034,214.320007,269.519989
2020-07-10,51.16053893509559,51.16053893509559,69.16701705333485,190.05476486073965,51.16859053942991,232674,1539.01001,213.669998,275.869995
2020-07-11,23.448580345252143,31.97533683443474,45.75606318184064,146.19597296979973,43.85879189093992,216482,NA,NA,NA
2020-07-12,23.448580345252143,34.10702595673039,45.75606318184064,138.88617432130974,47.51369121518491,192274,NA,NA,NA
2020-07-13,59.68729542427818,51.16053893509559,86.55072723624404,204.67436215771963,54.8234898636749,191444,1512.22998,207.070007,260.299988
2020-07-14,61.81898454657383,55.42391717968688,88.6824163585397,204.67436215771963,54.8234898636749,222188,1520.859985,208.350006,260.01001
2020-07-15,59.68729542427818,53.292228057391235,86.55072723624404,208.32926148196464,58.478389187919895,231468,1516.880005,208.039993,256.220001
2020-07-16,57.55560630198253,55.42391717968688,85.48488267509622,201.01946283347465,54.8234898636749,251312,1514.920044,203.919998,248.539993
2020-07-17,51.16053893509559,51.16053893509559,76.26010530306773,190.05476486073965,54.8234898636749,242742,1516.849976,202.880005,246.539993
2020-07-18,23.448580345252143,34.10702595673039,48.95359686528411,142.54107364555475,43.85879189093992,236178,NA,NA,NA
2020-07-19,23.448580345252143,34.10702595673039,47.887752304136285,135.23127499706476,40.203892566694925,213434,NA,NA,NA
2020-07-20,57.55560630198253,57.55560630198253,85.48488267509622,190.05476486073965,54.8234898636749,207116,1563.839966,211.600006,268.579987
2020-07-21,59.68729542427818,55.42391717968688,80.52348354765903,201.01946283347465,54.8234898636749,233681,1555.920044,208.75,260.440002
2020-07-22,61.81898454657383,51.16053893509559,82.65517266995468,201.01946283347465,51.16859053942991,279868,1564.849976,211.75,261.179993
2020-07-23,55.42391717968688,51.16053893509559,76.26010530306773,190.05476486073965,47.51369121518491,282854,1516.75,202.539993,251.5
2020-07-24,46.897160690504286,44.76547156820864,70.23286161448267,171.7802682395147,51.16859053942991,281074,1508.209961,201.300003,246.559998
2020-07-25,19.185202100660845,34.10702595673039,47.887752304136285,131.57637567281975,40.203892566694925,254054,NA,NA,NA
2020-07-26,19.185202100660845,29.84364771213909,39.7288194932556,124.26657702432978,40.203892566694925,213036,NA,NA,NA
2020-07-27,55.42391717968688,49.02884981279993,83.35319355280058,190.05476486073965,54.8234898636749,226530,1529.430054,203.850006,252.330002
2020-07-28,55.42391717968688,49.02884981279993,80.1556598693571,186.39986553649467,51.16859053942991,252785,1503.650024,202.020004,252.179993
2020-07-29,51.16053893509559,46.897160690504286,77.32594986421554,193.70966418498466,51.16859053942991,291728,1523.51001,204.059998,252.389999
2020-07-30,53.292228057391235,44.76547156820864,70.23286161448267,182.74496621224966,51.16859053942991,280100,1538.369995,203.899994,250
2020-07-31,40.50209332361734,42.633782445912985,59.942239681306354,160.8155702667797,47.51369121518491,290744,1487.949951,205.009995,253.910004
2020-08-01,19.185202100660845,29.84364771213909,40.79466405440343,127.92147634857477,40.203892566694925,248338,NA,NA,NA
2020-08-02,17.053512978365195,27.71195858984344,40.79466405440343,113.3018790515948,40.203892566694925,230992,NA,NA,NA
2020-08-03,51.16053893509559,44.76547156820864,77.32594986421554,182.74496621224966,54.8234898636749,206475,1482.76001,216.539993,268
2020-08-04,61.81898454657383,49.02884981279993,91.51212636368128,197.36456350922964,51.16859053942991,257942,1473.300049,213.289993,267.339996
2020-08-05,57.55560630198253,51.16053893509559,87.61657179739187,201.01946283347465,51.16859053942991,276575,1479.089966,212.940002,272.899994
2020-08-06,55.42391717968688,49.02884981279993,93.64381548597692,201.01946283347465,51.16859053942991,285202,1504.949951,216.350006,268.25
2020-08-07,46.897160690504286,46.897160690504286,83.35319355280058,179.09006688800469,47.51369121518491,282239,1498.369995,212.479996,258.730011
2020-08-08,25.580269467547794,29.84364771213909,50.01944142643193,135.23127499706476,40.203892566694925,258518,NA,NA,NA
2020-08-09,23.448580345252143,31.97533683443474,44.69021862069281,127.92147634857477,40.203892566694925,224683,NA,NA,NA
2020-08-10,59.68729542427818,46.897160690504286,101.80274829685759,208.32926148196464,51.16859053942991,226029,1496.819946,208.25,250
2020-08-11,66.08236279116512,46.897160690504286,101.80274829685759,226.6037581031896,51.16859053942991,257570,1480.540039,203.380005,231.039993
2020-08-12,63.95067366886948,46.897160690504286,101.80274829685759,215.63906013045462,47.51369121518491,276647,1507.23999,209.190002,236.720001
2020-08-13,61.81898454657383,46.897160690504286,108.89583654659047,226.6037581031896,47.51369121518491,289216,1516.650024,208.699997,247.25
2020-08-14,53.292228057391235,38.37040420132169,94.70966004712474,201.01946283347465,51.16859053942991,303748,1504.630005,208.899994,244.910004
2020-08-15,21.316891222956492,31.97533683443474,46.82190774298846,135.23127499706476,43.85879189093992,247708,NA,NA,NA
2020-08-16,29.84364771213909,29.84364771213909,53.91499599272132,138.88617432130974,43.85879189093992,214470,NA,NA,NA
2020-08-17,74.60911928034773,40.50209332361734,140.46572322896535,259.4978520213945,54.8234898636749,207732,1516.23999,210.279999,266.149994
2020-08-18,78.87249752493902,49.02884981279993,133.37263497923252,270.4625499941295,51.16859053942991,258256,1555.780029,211.490005,276.799988
2020-08-19,74.60911928034773,44.76547156820864,131.24094585693686,255.84295269714954,47.51369121518491,279590,1544.609985,209.699997,273.51001
2020-08-20,72.47743015805207,46.897160690504286,133.37263497923252,266.80765066988454,51.16859053942991,272554,1576.25,214.580002,290.690002
2020-08-21,61.81898454657383,42.633782445912985,123.08201304605619,237.56845607592456,47.51369121518491,261205,1575.569946,213.020004,289.679993
2020-08-22,23.448580345252143,29.84364771213909,53.91499599272132,146.19597296979973,43.85879189093992,264251,NA,NA,NA
2020-08-23,27.71195858984344,29.84364771213909,63.13977336474983,146.19597296979973,40.203892566694925,206149,NA,NA,NA
2020-08-24,89.53094313641728,46.897160690504286,198.27627378797607,365.48993242449933,58.478389187919895,225268,1585.150024,213.690002,282.279999
2020-08-25,81.00418664723468,46.897160690504286,172.03560991134026,296.0468452638445,51.16859053942991,244001,1605.849976,216.470001,290.440002
2020-08-26,78.87249752493902,44.76547156820864,170.96976535019243,285.0821472911095,51.16859053942991,283793,1644.130005,221.149994,295.269989
2020-08-27,78.87249752493902,40.50209332361734,157.84943341187457,274.1174493183745,54.8234898636749,283895,1628.52002,226.580002,294.679993
2020-08-28,63.95067366886948,40.50209332361734,146.4929669175504,248.53315404865955,51.16859053942991,283627,1639.430054,228.910004,299.269989
2020-08-29,29.84364771213909,27.71195858984344,56.04668511501697,149.85087229404473,43.85879189093992,263793,NA,NA,NA
2020-08-30,31.97533683443474,27.71195858984344,48.95359686528411,153.5057716182897,43.85879189093992,220965,NA,NA,NA
2020-08-31,85.26756489182597,42.633782445912985,161.74498797816395,288.7370466153545,54.8234898636749,262891,1629.530029,225.529999,325.100006
2020-09-01,91.66263225871292,49.02884981279993,173.1014544724881,332.5958385062944,51.16859053942991,264925,1655.079956,227.270004,457.690002
2020-09-02,93.79432138100857,51.16053893509559,172.03560991134026,321.6311405335594,54.8234898636749,283504,1717.390015,231.649994,423.559998
2020-09-03,87.39925401412162,46.897160690504286,170.96976535019243,292.39194593959945,54.8234898636749,281419,1629.51001,217.300003,381.320007
2020-09-04,68.21405191346078,42.633782445912985,148.62465603984606,255.84295269714954,51.16859053942991,314016,1581.209961,214.25,369.890015
2020-09-05,31.97533683443474,31.97533683443474,61.00808424245418,157.16067094253472,51.16859053942991,269991,NA,NA,NA
2020-09-06,36.238715079026036,29.84364771213909,54.98084055386914,138.88617432130974,51.16859053942991,230465,NA,NA,NA
2020-09-07,81.00418664723468,44.76547156820864,117.05476935747114,215.63906013045462,65.78818783640988,217882,NA,NA,NA
2020-09-08,102.32107787019117,44.76547156820864,215.6599839708853,310.66644256082446,73.09798648489986,242199,1523.599976,202.660004,350.880005
2020-09-09,98.05769962559987,44.76547156820864,194.3807192216867,307.0115432365794,76.75288580914486,284822,1547.22998,211.289993,389.649994
2020-09-10,91.66263225871292,49.02884981279993,188.35347553310166,292.39194593959945,73.09798648489986,299876,1526.050049,205.369995,384.480011
2020-09-11,76.74080840264338,44.76547156820864,168.8380762278968,252.18805337290453,69.44308716065487,321370,1515.76001,204.029999,383
2020-09-12,31.97533683443474,31.97533683443474,62.07392880360201,157.16067094253472,65.78818783640988,286578,NA,NA,NA
2020-09-13,36.238715079026036,31.97533683443474,52.849151431573496,142.54107364555475,62.13328851216489,242719,NA,NA,NA
2020-09-14,102.32107787019117,46.897160690504286,196.51240834398234,281.4272479668645,95.02738243036983,263752,1508.829956,205.410004,403.51001
2020-09-15,98.05769962559987,46.897160690504286,190.4851646553973,285.0821472911095,87.71758378187984,285462,1535.119995,208.779999,410.940002
2020-09-16,89.53094313641728,44.76547156820864,186.22178641080603,274.1174493183745,84.06268445763484,304535,1512.089966,205.050003,408.170013
2020-09-17,93.79432138100857,42.633782445912985,185.1559418496582,274.1174493183745,73.09798648489986,314886,1487.040039,202.910004,413.125
2020-09-18,78.87249752493902,42.633782445912985,166.00836622275526,248.53315404865955,65.78818783640988,325921,1451.089966,200.389999,438.730011
2020-09-19,31.97533683443474,29.84364771213909,61.00808424245418,146.19597296979973,51.16859053942991,292119,NA,NA,NA
2020-09-20,36.238715079026036,29.84364771213909,53.91499599272132,138.88617432130974,51.16859053942991,252114,NA,NA,NA
2020-09-21,100.18938874789552,46.897160690504286,185.1559418496582,274.1174493183745,73.09798648489986,276086,1430.140015,202.539993,468.470001
2020-09-22,93.79432138100857,44.76547156820864,180.19454272222097,285.0821472911095,65.78818783640988,284514,1459.819946,207.419998,492.600006
2020-09-23,98.05769962559987,46.897160690504286,178.06285359992532,288.7370466153545,69.44308716065487,276092,1409.390015,200.589996,500.529999
2020-09-24,87.39925401412162,44.76547156820864,173.799475355334,281.4272479668645,62.13328851216489,353037,1422.859985,203.190002,464.980011
2020-09-25,74.60911928034773,42.633782445912985,132.3067904180847,241.22335540016957,58.478389187919895,330870,1439.060059,207.820007,496.5
2020-09-26,31.97533683443474,29.84364771213909,53.91499599272132,142.54107364555475,47.51369121518491,288442,NA,NA,NA
2020-09-27,36.238715079026036,31.97533683443474,44.69021862069281,127.92147634857477,43.85879189093992,251391,NA,NA,NA
2020-09-28,104.45276699248681,44.76547156820864,124.14785760720402,222.9488587789446,65.78818783640988,254780,1458.660034,209.440002,487.660004
2020-09-29,93.79432138100857,46.897160690504286,134.43847954038034,248.53315404865955,58.478389187919895,282668,1466.02002,207.259995,465.5
2020-09-30,89.53094313641728,44.76547156820864,138.3340341066697,241.22335540016957,54.8234898636749,326210,1465.599976,210.330002,470.109985
2020-10-01,89.53094313641728,44.76547156820864,135.13650042322624,237.56845607592456,58.478389187919895,318303,1487.900024,212.460007,482.98999
2020-10-02,72.47743015805207,42.633782445912985,113.85723567402766,208.32926148196464,80.40778513338985,297866,1455.599976,206.190002,482.230011
2020-10-03,34.10702595673039,29.84364771213909,53.91499599272132,131.57637567281975,58.478389187919895,332044,NA,NA,NA
2020-10-04,38.37040420132169,29.84364771213909,56.04668511501697,127.92147634857477,58.478389187919895,261397,NA,NA,NA
2020-10-05,95.92601050330423,46.897160690504286,143.66325691240883,244.87825472441455,76.75288580914486,301023,1482.829956,210.380005,485.369995
2020-10-06,89.53094313641728,44.76547156820864,143.29543323410692,241.22335540016957,73.09798648489986,326519,1451.02002,205.910004,478.25
2020-10-07,91.66263225871292,44.76547156820864,131.24094585693686,241.22335540016957,69.44308716065487,350997,1459.140015,209.830002,480.609985
2020-10-08,89.53094313641728,46.897160690504286,128.4112358517953,219.2939594546996,65.78818783640988,361327,1483.430054,210.580002,478.549988
2020-10-09,68.21405191346078,42.633782445912985,78.39179442536337,182.74496621224966,65.78818783640988,360897,1510.449951,215.809998,492.410004
2020-10-10,31.97533683443474,29.84364771213909,45.75606318184064,124.26657702432978,54.8234898636749,357101,NA,NA,NA
2020-10-11,34.10702595673039,27.71195858984344,37.59713037095995,109.6469797273498,54.8234898636749,286912,NA,NA,NA
2020-10-12,85.26756489182597,40.50209332361734,78.39179442536337,175.43516756375968,69.44308716065487,291766,1564.589966,221.399994,491.540009
2020-10-13,91.66263225871292,42.633782445912985,86.55072723624404,204.67436215771963,69.44308716065487,319259,1567.069946,222.860001,518.789978
2020-10-14,89.53094313641728,46.897160690504286,92.5779709248291,204.67436215771963,65.78818783640988,382334,1563.439941,220.860001,509.25
2020-10-15,85.26756489182597,40.50209332361734,87.61657179739187,204.67436215771963,65.78818783640988,406984,1555.469971,219.660004,536.400024
2020-10-16,72.47743015805207,40.50209332361734,78.39179442536337,175.43516756375968,65.78818783640988,411771,1567.699951,219.660004,559
2020-10-17,29.84364771213909,29.84364771213909,43.624374059544984,116.95677837583979,58.478389187919895,372657,NA,NA,NA
2020-10-18,38.37040420132169,29.84364771213909,37.59713037095995,113.3018790515948,54.8234898636749,316563,NA,NA,NA
2020-10-19,93.79432138100857,44.76547156820864,85.48488267509622,201.01946283347465,69.44308716065487,387210,1529.949951,214.220001,568.340027
2020-10-20,87.39925401412162,44.76547156820864,88.6824163585397,219.2939594546996,73.09798648489986,389002,1551.079956,214.649994,537.02002
2020-10-21,81.00418664723468,42.633782445912985,84.4190381139484,208.32926148196464,76.75288580914486,444890,1585.98999,214.800003,513.190002
2020-10-22,85.26756489182597,44.76547156820864,86.55072723624404,208.32926148196464,80.40778513338985,472719,1606.660034,214.889999,520.539978
2020-10-23,70.34574103575643,40.50209332361734,71.2987061756305,171.7802682395147,73.09798648489986,496798,1632.97998,216.229996,511.519989
2020-10-24,29.84364771213909,25.580269467547794,38.66297493210777,113.3018790515948,62.13328851216489,456784,NA,NA,NA
2020-10-25,38.37040420132169,29.84364771213909,35.465441248664305,113.3018790515948,58.478389187919895,360653,NA,NA,NA
2020-10-26,85.26756489182597,42.633782445912985,85.48488267509622,186.39986553649467,84.06268445763484,486411,1584.290039,210.080002,517.789978
2020-10-27,83.13587576953033,49.02884981279993,92.5779709248291,197.36456350922964,76.75288580914486,470233,1598.880005,213.25,538.98999
2020-10-28,78.87249752493902,46.897160690504286,86.55072723624404,193.70966418498466,76.75288580914486,511872,1510.800049,202.679993,516.01001
2020-10-29,74.60911928034773,44.76547156820864,84.4190381139484,182.74496621224966,73.09798648489986,550415,1556.880005,204.720001,489.679993
2020-10-30,66.08236279116512,42.633782445912985,78.39179442536337,175.43516756375968,73.09798648489986,571055,1616.109985,202.470001,460.910004
2020-10-31,27.71195858984344,34.10702595673039,40.79466405440343,113.3018790515948,62.13328851216489,476765,NA,NA,NA
2020-11-01,28.562438933801342,30.254108214879835,31.90803800357467,160.6772341039175,85.25335321294769,462384,NA,NA,NA
2020-11-02,71.11767733010464,42.55523839630331,70.44108848359039,263.4159702930158,120.05106316240749,563127,1624.319946,202.330002,453
2020-11-03,75.44946565848608,43.875297919954775,76.7210991003507,269.4174872879073,108.56719718114846,553745,1645.660034,206.429993,451.51001
2020-11-04,66.78588900172323,38.91768487164268,70.4413109862075,245.93058731686517,89.08130854003403,511552,1745.849976,216.389999,483.700012
2020-11-05,67.66592868415754,41.92941367637264,74.11496259232574,257.58750930096556,102.73873618909826,596558,1762.5,223.289993,496.730011
2020-11-06,60.94823627097682,39.103489750356204,71.28714562674675,251.7590483089154,102.56568018625691,644854,1759.72998,223.720001,500.109985
2020-11-07,26.362339727715568,31.5741677385313,37.8732432208071,183.99107807211828,85.25335321294769,596892,NA,NA,NA
2020-11-08,36.091760945626234,31.134147897314143,32.88098012536574,166.67875109880902,87.08080287507019,483974,NA,NA,NA
2020-11-09,78.2753895845025,44.75533760238908,84.98142150520533,292.55827525326674,122.05156882737134,501532,1761.420044,218.389999,413.23999
2020-11-10,81.91294310916314,46.00698704225043,83.3824321608665,304.2151972373671,114.39565817319865,559377,1737.719971,211.009995,376.01001
2020-11-11,68.73177324530536,43.43527807873762,74.5549824335429,284.7293085962527,114.2226021703573,648606,1747.22998,216.550003,413.339996
2020-11-12,75.63527053719959,43.249473200024106,79.76914848915538,302.21469157240324,122.05156882737134,649543,1742.819946,215.440002,428.640015
2020-11-13,60.50821642975967,41.04937399393833,67.04781473248788,255.58700363600173,122.05156882737134,652073,1772.26001,216.509995,403.579987
2020-11-14,26.802359568932722,34.585896543261256,31.90614496401211,180.33617874787328,102.73873618909826,594970,NA,NA,NA
2020-11-15,30.694128056096993,31.134147897314143,28.547076254804654,168.50620076093153,102.73873618909826,473941,NA,NA,NA
2020-11-16,74.12940613483461,44.75533760238908,70.09397108172999,263.58902629585714,133.70849081147173,534457,1774.030029,217.229996,399.149994
2020-11-17,75.00944581726893,44.06110279866829,82.28238255782361,288.7303199261804,131.88104114934924,611220,1761.660034,214.460007,401.630005
2020-11-18,77.58115478078173,45.38116232231975,83.34822711897144,300.38724191028075,137.53644613855806,627103,1740.640015,211.080002,415.040009
2020-11-19,74.56942597605178,42.55523839630331,81.7494602772497,290.5577695883029,129.70747948154403,653585,1758.569946,212.419998,414.290009
2020-11-20,60.06819658854252,36.091760945626234,73.80205023236041,265.4164759579796,129.88053548438538,668744,1736.380005,210.389999,439.600006
2020-11-21,26.802359568932722,30.254108214879835,42.11424465201142,195.64800005621865,118.22361350028498,587564,NA,NA,NA
2020-11-22,29.628283494949166,27.868204130080546,32.348057844791825,183.99107807211828,112.3951525082348,487981,NA,NA,NA
2020-11-23,69.79761780645319,42.3694335175898,77.16111894156786,284.7293085962527,139.53695180352193,525319,1727.560059,210.110001,430.279999
2020-11-24,71.74350205003532,40.42354927400766,77.28822642281969,286.7298142612165,123.87901848949383,590261,1763.900024,213.860001,427.549988
2020-11-25,60.94823627097682,38.47766503042553,70.22130106559892,282.9018589341302,122.05156882737134,636224,1764.130005,213.869995,443.720001
2020-11-26,61.13404114969035,38.037645189208376,64.4742127294125,282.72880293128884,91.08181420499788,582475,NA,NA,NA
2020-11-27,47.32704656590189,33.52005198211343,56.65413266839215,253.75955397387924,93.08231986996174,687148,1787.02002,215.229996,471.609985
2020-11-28,22.910591081768455,28.748243812514858,35.70712655399928,180.16312274503193,93.08231986996174,586031,NA,NA,NA
2020-11-29,28.3082239712977,26.362339727715568,24.306074823600326,166.67875109880902,93.08231986996174,488583,NA,NA,NA
2020-11-30,65.90584931928892,37.59762534799121,66.98933983764329,274.8998362742748,118.05055749744365,508641,1754.400024,214.070007,478.359985
2020-12-01,62.48281745283597,36.081626979806686,65.13094659435454,368.09304235334804,140.03539654746936,612097,1795.359985,216.210007,406.309998
2020-12-02,58.08261904066442,33.44150793250376,66.01143128202307,356.09000836356495,144.03640787739704,651398,1824.969971,215.369995,412.859985
2020-12-03,56.3225396757958,33.44150793250376,64.69092675313739,364.0920310234203,148.03741920732475,694328,1821.839966,214.240005,413.540009
2020-12-04,48.402182533887014,33.44150793250376,55.44962007710874,340.0859630438542,148.03741920732475,683276,1823.76001,214.360001,410.01001
2020-12-05,19.36087301355481,24.641111108160665,34.76601750849725,240.06067979566177,132.03337388761398,642163,NA,NA,NA
2020-12-06,19.36087301355481,23.761071425726353,23.32416662114862,216.0546118160956,128.03236255768627,538754,NA,NA,NA
2020-12-07,53.68242062849287,31.681428567635137,58.09018412964586,344.08697437378186,164.04146452703554,520019,1817.030029,214.289993,407.850006
2020-12-08,51.042301581189946,30.80138888520083,52.80905602457161,344.08697437378186,156.03944186718013,643528,1811.329956,216.009995,412
2020-12-09,56.3225396757958,34.32154761493807,58.97022381208017,348.08798570370953,160.04045319710784,669911,1777.859985,211.800003,385.359985
2020-12-10,54.562460310927186,32.561468250069446,58.97022381208017,356.09000836356495,176.04449851681863,1498213,1767.650024,210.520004,397.959991
2020-12-11,45.76206348658409,31.681428567635137,54.56958039467443,328.0829290540711,160.04045319710784,704497,1774.800049,213.259995,397.01001
2020-12-12,18.480833331120497,25.521150790594973,29.044869562205832,232.05865713580636,148.03741920732475,634850,NA,NA,NA
2020-12-13,20.240912695989117,22.881031743292045,24.204206303582932,204.0515778263125,144.03640787739704,530838,NA,NA,NA
2020-12-14,54.562460310927186,36.081626979806686,86.2545690041832,340.0859630438542,184.04652117667402,525387,1752.26001,214.199997,395.98999
2020-12-15,57.20257935823011,35.20158729737238,61.17076802340015,336.08495171392644,184.04652117667402,636206,1761.079956,214.130005,399.429993
2020-12-16,56.3225396757958,34.32154761493807,57.649719283194514,352.08899703363727,192.0485438365294,733726,1757.189941,219.279999,404
2020-12-17,54.562460310927186,36.081626979806686,56.32965975954305,356.09000836356495,184.04652117667402,739582,1740.51001,219.419998,401.619995
2020-12-18,43.12194443928116,29.92134920276652,51.48855149568595,328.0829290540711,208.05258915624017,720462,1726.219971,218.589996,406.01001
2020-12-19,14.96067460138326,25.521150790594973,27.284790197337216,224.05663447595097,196.0495551664571,611253,NA,NA,NA
2020-12-20,15.840714283817569,25.521150790594973,18.48305835729151,216.0546118160956,200.0505664963848,533473,NA,NA,NA
2020-12-21,35.20158729737238,32.561468250069446,38.726641084685845,276.06978176501104,236.05966846573406,549297,1734.560059,222.589996,408.970001
2020-12-22,29.92134920276652,33.44150793250376,36.086077032148715,280.0707930949387,228.05764580587868,650261,1720.219971,223.940002,409
2020-12-23,24.641111108160665,31.681428567635137,31.245413773525808,264.06674777522795,228.05764580587868,695122,1728.22998,221.020004,383.880005
2020-12-24,16.72075396625188,32.561468250069446,25.08424598601724,240.06067979566177,168.04247585696322,666640,1734.160034,222.75,375.170013
2020-12-25,12.320555554080332,30.80138888520083,20.683602568611487,280.0707930949387,120.03033989783088,465550,NA,NA,NA
2020-12-26,11.440515871646022,26.40119047302928,15.402474463537226,192.0485438365294,156.03944186718013,512602,NA,NA,NA
2020-12-27,8.800396824343094,22.000992060857737,14.962454622320072,180.0455098467463,148.03741920732475,438453,NA,NA,NA
2020-12-28,18.480833331120497,25.521150790594973,21.5636422510458,204.0515778263125,188.0475325066017,496323,1773.959961,224.960007,351.390015
2020-12-29,20.240912695989117,28.1612698378979,23.764186462365775,216.0546118160956,188.0475325066017,664428,1757.76001,224.149994,353.75
2020-12-30,18.480833331120497,23.761071425726353,22.003662092262953,208.05258915624017,200.0505664963848,761230,1736.25,221.679993,353.399994
2020-12-31,12.320555554080332,27.281230155463593,20.683602568611487,204.0515778263125,184.04652117667402,725009,1752.640015,222.419998,337.320007
2021-01-01,7.040317459474475,19.36087301355481,14.082414939885762,164.04146452703554,148.03741920732475,533018,NA,NA,NA
2021-01-02,13.20059523651464,19.36087301355481,16.72297899242289,160.04045319710784,160.04045319710784,626359,NA,NA,NA
2021-01-03,18.480833331120497,19.36087301355481,19.80356288617718,180.0455098467463,172.04348718689093,532796,NA,NA,NA
2021-01-04,52.80238094605856,30.80138888520083,54.129115548223076,284.0718044248664,200.0505664963848,554118,1726.130005,217.690002,359.980011
2021-01-05,59.84269840553304,29.92134920276652,58.53020397086302,308.0778724044326,188.0475325066017,740122,1740.050049,217.899994,360.829987
2021-01-06,61.60277777040166,29.04130952033221,53.24907586578877,300.07584974457717,172.04348718689093,783372,1722.880005,212.25,344.410004
2021-01-07,60.72273808796735,29.04130952033221,56.32965975954305,328.0829290540711,172.04348718689093,880837,1774.339966,218.289993,342.5
2021-01-08,50.16226189875564,29.04130952033221,52.36903618335445,292.0738270847218,176.04449851681863,803222,1797.829956,219.619995,349.609985
2021-01-09,19.36087301355481,24.641111108160665,27.72481003855437,220.05562314602327,152.03843053725245,760994,NA,NA,NA
2021-01-10,26.40119047302928,22.000992060857737,24.204206303582932,224.05663447595097,140.03539654746936,589134,NA,NA,NA
2021-01-11,76.56345237178492,34.32154761493807,66.01098627678886,368.09304235334804,172.04348718689093,619930,1756.290039,217.490005,337.709991
2021-01-12,71.28321427717906,35.20158729737238,61.61078786461731,368.09304235334804,164.04146452703554,705508,1737.430054,214.929993,356.809998
2021-01-13,61.60277777040166,40.481825391978234,57.20969944197736,364.0920310234203,172.04348718689093,748388,1747.25,216.339996,364.630005
2021-01-14,64.24289681770459,34.32154761493807,55.009155230657385,360.0910196934926,168.04247585696322,755228,1730.920044,213.020004,383.23999
2021-01-15,53.68242062849287,30.80138888520083,51.9290163421373,336.08495171392644,160.04045319710784,767187,1727.619995,212.649994,384.529999
2021-01-16,17.60079364868619,24.641111108160665,31.245413773525808,236.05966846573406,132.03337388761398,639144,NA,NA,NA
2021-01-17,21.120952378423425,20.240912695989117,24.204206303582932,220.05562314602327,120.03033989783088,529212,NA,NA,NA
2021-01-18,62.48281745283597,35.20158729737238,56.769679600760206,316.079895064288,156.03944186718013,515066,NA,NA,NA
2021-01-19,62.48281745283597,32.561468250069446,64.6913717583716,360.0910196934926,152.03843053725245,608426,1784.469971,216.440002,393.869995
2021-01-20,64.24289681770459,35.20158729737238,69.5320350169945,376.0950650132034,136.03438521754165,692937,1880.069946,224.339996,382.799988
2021-01-21,66.88301586500752,36.081626979806686,66.45145112324022,372.0940536832757,140.03539654746936,656323,1884.150024,224.970001,382.809998
2021-01-22,59.84269840553304,31.681428567635137,56.32965975954305,340.0859630438542,140.03539654746936,659061,1892.560059,225.949997,383.399994
2021-01-23,20.240912695989117,24.641111108160665,34.32599766728009,236.05966846573406,124.03135122775858,568124,NA,NA,NA
2021-01-24,21.120952378423425,22.000992060857737,29.48488940342299,212.05360048616788,112.02831723797549,445654,NA,NA,NA
2021-01-25,63.362857135270275,31.681428567635137,66.45145112324022,328.0829290540711,140.03539654746936,497340,1894.280029,229.529999,391.829987
2021-01-26,59.84269840553304,30.80138888520083,61.6103428593831,348.08798570370953,136.03438521754165,556238,1907.949951,232.330002,374.390015
2021-01-27,60.72273808796735,30.80138888520083,59.85026349451448,356.09000836356495,136.03438521754165,598361,1818.939941,232.899994,370.73999
2021-01-28,60.72273808796735,30.80138888520083,57.20969944197736,352.08899703363727,136.03438521754165,614251,1853.199951,238.929993,378.589996
2021-01-29,53.68242062849287,29.92134920276652,54.56958039467443,328.0829290540711,128.03236255768627,590443,1827.359985,231.960007,372.070007
2021-01-30,18.480833331120497,22.000992060857737,31.245413773525808,240.06067979566177,116.02932856790318,515330,NA,NA,NA
2021-01-31,18.480833331120497,24.641111108160665,27.72481003855437,228.05764580587868,116.02932856790318,381639,NA,NA,NA
2021-02-01,63.362857135270275,31.681428567635137,67.77151064689168,340.0859630438542,136.03438521754165,446774,1893.069946,239.649994,381.929993
2021-02-02,67.76305554744182,33.44150793250376,66.89147096445737,364.0920310234203,128.03236255768627,457957,1919.119995,239.509995,391.839996
2021-02-03,59.84269840553304,31.681428567635137,62.490827547051616,368.09304235334804,128.03236255768627,521981,2058.879883,243,380.470001
2021-02-04,60.72273808796735,29.92134920276652,63.370867229485924,364.0920310234203,120.03033989783088,466907,2053.629883,242.009995,389.980011
2021-02-05,46.6421031690184,28.1612698378979,56.769679600760206,336.08495171392644,120.03033989783088,535428,2088.830078,242.199997,419.589996
2021-02-06,19.36087301355481,20.240912695989117,30.3653740910915,240.06067979566177,100.0252832481924,372125,NA,NA,NA
2021-02-07,19.36087301355481,21.120952378423425,27.72481003855437,200.0505664963848,96.0242719182647,398078,NA,NA,NA
2021-02-08,61.60277777040166,30.80138888520083,66.45145112324022,324.08191772414335,120.03033989783088,315893,2084.52002,242.470001,410.809998
2021-02-09,60.72273808796735,30.80138888520083,65.13139159958875,364.0920310234203,116.02932856790318,428033,2075.389893,243.770004,430.029999
2021-02-10,55.442499993361494,32.561468250069446,58.97022381208017,396.1001216628419,116.02932856790318,435741,2086.47998,242.820007,431
2021-02-11,55.442499993361494,29.92134920276652,56.32965975954305,352.08899703363727,112.02831723797549,441465,2088.75,244.490005,432.769989
2021-02-12,49.28222221632133,25.521150790594973,48.408412607165864,324.08191772414335,112.02831723797549,428689,2095.030029,244.990005,433.109985
2021-02-13,15.840714283817569,23.761071425726353,28.164829879771524,232.05865713580636,92.02326058833701,373301,NA,NA,NA
2021-02-14,19.36087301355481,18.480833331120497,22.003662092262953,204.0515778263125,84.02123792848161,293850,NA,NA,NA
2021-02-15,43.12194443928116,27.281230155463593,48.40796760193165,296.0748384146495,112.02831723797549,283166,NA,NA,NA
2021-02-16,47.522142851452706,29.04130952033221,52.36903618335445,316.079895064288,108.0273059080478,351020,2110.699951,243.699997,444.51001
2021-02-17,46.6421031690184,30.80138888520083,53.24907586578877,348.08798570370953,104.02629457812009,395555,2118.620117,244.199997,429.420013
2021-02-18,47.522142851452706,29.92134920276652,57.20969944197736,356.09000836356495,100.0252832481924,403516,2105.810059,243.789993,417.910004
2021-02-19,40.481825391978234,29.04130952033221,53.68909570700592,324.08191772414335,104.02629457812009,412519,2088.810059,240.970001,417.26001
2021-02-20,18.480833331120497,22.881031743292045,31.245413773525808,244.06169112558945,88.02224925840932,370455,NA,NA,NA
2021-02-21,18.480833331120497,18.480833331120497,26.404305509668703,212.05360048616788,96.0242719182647,314446,NA,NA,NA
2021-02-22,56.3225396757958,28.1612698378979,62.05036270060025,336.08495171392644,112.02831723797549,288438,2054.26001,234.509995,394.339996
2021-02-23,56.3225396757958,29.04130952033221,63.370867229485924,344.08697437378186,112.02831723797549,388853,2060.120117,233.270004,388.160004
2021-02-24,51.922341263624254,27.281230155463593,59.41024365329733,340.0859630438542,112.02831723797549,444936,2083.810059,234.550003,385.230011
2021-02-25,55.442499993361494,29.04130952033221,54.56913538944023,340.0859630438542,108.0273059080478,447478,2015.949951,228.990005,364.730011
2021-02-26,45.76206348658409,26.40119047302928,49.72847213081732,308.0778724044326,100.0252832481924,443039,2021.910034,232.380005,373.609985
2021-02-27,18.480833331120497,20.240912695989117,30.805393932308654,216.0546118160956,92.02326058833701,389230,NA,NA,NA
2021-02-28,19.36087301355481,19.36087301355481,26.404750514902904,200.0505664963848,96.0242719182647,303509,NA,NA,NA
2021-03-01,52.80238094605856,29.04130952033221,61.170323018165945,316.079895064288,120.03033989783088,305864,2069.659912,236.940002,409.660004
2021-03-02,57.20257935823011,28.1612698378979,63.370867229485924,348.08798570370953,112.02831723797549,310288,2064.47998,233.869995,372.790009
2021-03-03,57.20257935823011,28.1612698378979,59.41024365329733,344.08697437378186,116.02932856790318,441142,2011.410034,227.559998,341.570007
2021-03-04,57.20257935823011,28.1612698378979,60.730748182183,336.08495171392644,116.02932856790318,453049,2033.930054,226.729996,343.089996
2021-03-05,44.88202380414978,26.40119047302928,51.48855149568595,300.07584974457717,112.02831723797549,447054,2097.070068,231.600006,337.429993
2021-03-06,16.72075396625188,20.240912695989117,30.3653740910915,204.0515778263125,92.02326058833701,410533,NA,NA,NA
2021-03-07,17.60079364868619,17.60079364868619,24.644226144800086,192.0485438365294,108.0273059080478,368312,NA,NA,NA
2021-03-08,48.402182533887014,26.40119047302928,62.490827547051616,312.07888373436026,128.03236255768627,298723,2007.5,227.389999,310.929993
2021-03-09,51.922341263624254,27.281230155463593,61.17076802340015,328.0829290540711,112.02831723797549,414665,2040.359985,233.779999,342.109985
2021-03-10,46.6421031690184,27.281230155463593,58.09018412964586,312.07888373436026,112.02831723797549,467079,2036.189941,232.419998,336.029999
2021-03-11,47.522142851452706,27.281230155463593,50.16849197203448,316.079895064288,124.03135122775858,476896,2100.540039,237.130005,355.170013
2021-03-12,42.24190475684685,26.40119047302928,46.647888237063036,276.06978176501104,108.0273059080478,489328,2050,235.75,346.390015
2021-03-13,15.840714283817569,18.480833331120497,28.164829879771524,208.05258915624017,100.0252832481924,454116,NA,NA,NA
2021-03-14,15.840714283817569,18.480833331120497,22.003662092262953,188.0475325066017,108.0273059080478,360385,NA,NA,NA
2021-03-15,64.24289681770459,26.40119047302928,53.68909570700592,280.0707930949387,124.03135122775858,348901,2054.439941,234.809998,350
2021-03-16,48.402182533887014,26.40119047302928,58.53020397086302,296.0748384146495,120.03033989783088,473013,2083.889893,237.710007,335.079987
2021-03-17,48.402182533887014,29.04130952033221,59.41024365329733,320.0809063942157,132.03337388761398,539285,2082.219971,237.039993,336.649994
2021-03-18,47.522142851452706,27.281230155463593,59.41024365329733,308.0778724044326,132.03337388761398,553723,2021.339966,230.720001,316.320007
2021-03-19,41.36186507441254,29.04130952033221,51.488996500920145,272.0687704350833,120.03033989783088,561679,2026.959961,230.350006,326.26001
2021-03-20,15.840714283817569,20.240912695989117,26.404750514902904,196.0495551664571,112.02831723797549,498820,NA,NA,NA
2021-03-21,16.72075396625188,17.60079364868619,24.644226144800086,180.0455098467463,136.03438521754165,423315,NA,NA,NA
2021-03-22,51.922341263624254,26.40119047302928,60.29028333573164,296.0748384146495,152.03843053725245,416821,2030.689941,235.990005,328.5
2021-03-23,48.402182533887014,30.80138888520083,58.53020397086302,304.0768610745049,140.03539654746936,514245,2041.329956,237.580002,339.76001
2021-03-24,48.402182533887014,28.1612698378979,57.649719283194514,308.0778724044326,152.03843053725245,633581,2032.530029,235.460007,314.959991
2021-03-25,48.402182533887014,26.40119047302928,57.20969944197736,304.0768610745049,152.03843053725245,651350,2032.459961,232.339996,314.850006
2021-03-26,37.8417063446753,27.281230155463593,50.60895681848584,288.0728157547941,136.03438521754165,641351,2024.72998,236.479996,319.950012
2021-03-27,15.840714283817569,19.36087301355481,27.284790197337216,224.05663447595097,124.03135122775858,584592,NA,NA,NA
2021-03-28,14.96067460138326,16.72075396625188,21.123622409828645,176.04449851681863,144.03640787739704,469958,NA,NA,NA
2021-03-29,39.601785709543925,28.1612698378979,44.44734402574306,256.06472511537254,164.04146452703554,458405,2045.790039,235.240005,308.390015
2021-03-30,41.36186507441254,26.40119047302928,45.76784855462873,260.0657364453002,156.03944186718013,568273,2046.469971,231.850006,313.190002
2021-03-31,41.36186507441254,25.521150790594973,45.32782871341157,264.06674777522795,164.04146452703554,683205,2062.52002,235.770004,321.290009
2021-04-01,35.20158729737238,27.281230155463593,35.64605719093156,248.06270245551715,160.04045319710784,711787,2129.780029,242.350006,326.230011
2021-04-02,19.36087301355481,20.240912695989117,22.443681933480107,180.0455098467463,140.03539654746936,633739,NA,NA,NA
2021-04-03,11.440515871646022,18.480833331120497,21.123622409828645,160.04045319710784,136.03438521754165,529443,NA,NA,NA
2021-04-04,12.320555554080332,18.480833331120497,20.683602568611487,148.03741920732475,120.03033989783088,552803,NA,NA,NA
2021-04-05,33.44150793250376,22.000992060857737,45.76784855462873,252.06371378544483,164.04146452703554,489584,2218.959961,249.070007,323.959991
2021-04-06,38.72174602710962,25.521150790594973,49.28845228960017,288.0728157547941,156.03944186718013,604087,2209.26001,247.860001,329.790009
2021-04-07,44.00198412171547,26.40119047302928,52.36903618335445,292.0738270847218,156.03944186718013,684346,2239.030029,249.899994,323.079987
2021-04-08,43.12194443928116,27.281230155463593,53.68909570700592,292.0738270847218,156.03944186718013,839850,2250.429932,253.25,331.279999
2021-04-09,35.20158729737238,23.761071425726353,46.20786839584588,248.06270245551715,152.03843053725245,748045,2270.669922,255.850006,322.649994
2021-04-10,18.480833331120497,18.480833331120497,27.72481003855437,188.0475325066017,136.03438521754165,664507,NA,NA,NA
2021-04-11,14.96067460138326,16.72075396625188,23.32416662114862,176.04449851681863,156.03944186718013,690741,NA,NA,NA
2021-04-12,47.522142851452706,25.521150790594973,56.32965975954305,288.0728157547941,168.04247585696322,616625,2244.620117,255.910004,321.51001
2021-04-13,44.00198412171547,27.281230155463593,51.488996500920145,312.07888373436026,160.04045319710784,779567,2254.429932,258.48999,342.75
2021-04-14,45.76206348658409,23.761071425726353,52.36903618335445,300.07584974457717,160.04045319710784,817025,2241.909912,255.589996,329.200012
2021-04-15,44.00198412171547,25.521150790594973,52.36903618335445,304.0768610745049,156.03944186718013,816761,2285.25,259.5,332.380005
2021-04-16,36.081626979806686,27.281230155463593,50.16849197203448,280.0707930949387,152.03843053725245,854855,2282.75,260.73999,329.950012
2021-04-17,14.96067460138326,17.60079364868619,28.60484972098868,192.0485438365294,140.03539654746936,788042,NA,NA,NA
2021-04-18,15.840714283817569,16.72075396625188,23.764186462365775,168.04247585696322,160.04045319710784,685495,NA,NA,NA
2021-04-19,44.88202380414978,26.40119047302928,56.32965975954305,300.07584974457717,176.04449851681863,693422,2289.76001,258.73999,324.329987
2021-04-20,44.88202380414978,25.521150790594973,58.53020397086302,328.0829290540711,156.03944186718013,854425,2279.01001,258.26001,321.779999
2021-04-21,43.12194443928116,26.40119047302928,50.16849197203448,308.0778724044326,168.04247585696322,889975,2278.350098,260.579987,322.76001
2021-04-22,47.522142851452706,27.281230155463593,55.009155230657385,300.07584974457717,160.04045319710784,899755,2252.52002,257.170013,328.320007
2021-04-23,37.8417063446753,24.641111108160665,50.16849197203448,272.0687704350833,148.03741920732475,903747,2299.929932,261.149994,336.880005
2021-04-24,14.96067460138326,19.36087301355481,29.924909244640144,184.04652117667402,136.03438521754165,820940,NA,NA,NA
2021-04-25,16.72075396625188,17.60079364868619,23.764186462365775,172.04348718689093,148.03741920732475,722356,NA,NA,NA
2021-04-26,48.402182533887014,27.281230155463593,58.53020397086302,296.0748384146495,164.04146452703554,682784,2309.929932,261.549988,336.420013
2021-04-27,66.88301586500752,25.521150790594973,54.56913538944023,308.0778724044326,152.03843053725245,844470,2290.97998,261.970001,333.48999
2021-04-28,45.76206348658409,28.1612698378979,56.769679600760206,308.0778724044326,160.04045319710784,905992,2359.040039,254.559998,331.25
2021-04-29,43.12194443928116,24.641111108160665,53.24907586578877,296.0748384146495,152.03843053725245,897602,2392.76001,252.509995,321.100006
2021-04-30,34.32154761493807,21.120952378423425,45.76784855462873,264.06674777522795,140.03539654746936,879014,2353.5,252.179993,319.570007
